{
  "ambient.backrooms.seven_20march": {
    "sounds": [
      {
        "name": "ambient/backrooms/Seven_20March",
        "stream": true
      }
    ],
    "subtitle": "IT'S MY REALM"
  },
  "music.scary_music": {
    "sounds": [
      {
        "name": "music/scary_music",
        "stream": true
      }
    ],
    "subtitle": "The walls are breathing..."
  },
  "scrimers.crab1": {
    "sounds": [
      {
        "name": "scrimers/crab1",
        "stream": false
      }
    ],
    "subtitle": "HELP ME"
  },
  "scrimers.wii_crash_screen": {
    "sounds": [
      {
        "name": "scrimers/wii_crash_screen",
        "stream": false
      }
    ],
    "subtitle": "SYSTEM FAILURE"
  },
  "whisper.for_gtag_trolling": {
    "sounds": [
      {
        "name": "whisper/for_gtag_trolling.xd",
        "stream": false
      }
    ],
    "subtitle": "You shouldn't be here..."
  },
  "whisper.scary_whisper": {
    "sounds": [
      {
        "name": "whisper/scary_whisper",
        "stream": false
      }
    ],
    "subtitle": "Turn back..."
  }
}