{
  "ambient.backrooms.seven_20march": {
    "sounds": [{"name": "ambient/backrooms/seven_20march", "stream": true}]
  },
  "scrimers.crab1": {
    "sounds": [{"name": "scrimers/crab1", "stream": false}]
  },
  "scrimers.wii_crash_screen": {
    "sounds": [{"name": "scrimers/wii_crash_screen", "stream": false}]
  },
  "scrimers.five_nights_at_freddys": {
    "sounds": [{"name": "scrimers/five_nights_at_freddys", "stream": false}]
  },
  "whishper.scary_music": {
    "sounds": [{"name": "whishper/scary_music", "stream": false}]
  },
  "whishper.scary_whisper": {
    "sounds": [{"name": "whishper/scary_whisper", "stream": false}]
  }
}