{
  "ambient.backrooms.seven_20march": {
    "sounds": [
      {
        "name": "ambient/backrooms/Seven_20March",
        "stream": true
      }
    ]
  },
  "music.scary_music": {
    "sounds": [
      {
        "name": "music/scary_music",
        "stream": true
      }
    ]
  },
  "scrimers.crab1": {
    "sounds": [
      {
        "name": "scrimers/crab1",
        "stream": false
      }
    ]
  },
  "scrimers.wii_crash_screen": {
    "sounds": [
      {
        "name": "scrimers/wii_crash_screen",
        "stream": false
      }
    ]
  },
  "whisper.for_gtag_trolling": {
    "sounds": [
      {
        "name": "whisper/for_gtag_trolling.xd",
        "stream": false
      }
    ]
  },
  "whisper.scary_whisper": {
    "sounds": [
      {
        "name": "whisper/scary_whisper",
        "stream": false
      }
    ]
  }
}